{
    "table": [
        {
            "x": 647.9989346240178,
            "y": 114.4493069584736,
            "w": 210.0015555555555,
            "h": 297.0000833333333,
            "text": 12.9
        }
    ]
}